id,name,email,created_at
9577,Daniel Alvarez,petertucker@example.com,2021-10-01 21:08:26.245287
7611,Timothy Patterson,ycameron@example.net,1999-09-15 08:55:40.731665
2158,Charles Moore,alvarezpaul@example.com,1978-03-06 03:43:39.290117
3551,Michelle Mclean,egallagher@example.net,1976-02-28 10:54:58.475118
5743,Ronald Torres,brandon15@example.com,1990-09-19 20:59:05.829427
2396,David Hardin,robinsonrandall@example.com,1997-03-29 16:52:31.310113
1990,Roger Miller,michele26@example.org,1987-03-25 11:26:18.006274
1067,Victoria Boyer,phillip01@example.org,1977-11-29 13:20:29.725348
91,Bobby Coleman,brian31@example.org,1976-01-18 17:29:58.372432
1462,Mark Walsh,igibson@example.org,2017-11-17 12:17:14.533779
